Cd,Family,Genus,Species
CROTAR,Euphorbiaceae,Croton,argyratus
BUCHSE,Anacardiaceae,Buchanania,sessifolia
NAUCOF,Rubiaceae,Nauclea,officinalis
PAROVA,Flacourtiaceae,Paropsia,vareciformis
PARKSP,Leguminosae: Mimosa-Group,Parkia,speciosa
ARTONG,Moraceae,Artocarpus,nitidus
CROTLA,Euphorbiaceae,Croton,laevifolius
PTE1CO,Melastomataceae,Pternandra,coerulescens
PRUNGR,Rosaceae,Prunus,grisea
DILLSU,Dilleniaceae,Dillenia,sumatrana
CARABR,Rhizophoraceae,Carallia,brachiata
PTE1EC,Melastomataceae,Pternandra,echinata
ARTOIS,Moraceae,Artocarpus,integer
DYERCO,Apocynaceae,Dyera,costulata
ARTORI,Moraceae,Artocarpus,rigidus
RHODCI,Myrtaceae,Rhodamnia,cinerea
ARTOLO,Moraceae,Artocarpus,lowii
GLOCWA,Euphorbiaceae,Glochidion,wallichiana
ADENBI,Leguminosae: Mimosa-Group,Adenanthera,bicolor
BHESPA,Celastraceae,Bhesa,paniculata
ARTODA,Moraceae,Artocarpus,dadah
MACAHY,Euphorbiaceae,Macaranga,hypoleuca
EUODGL,Rutaceae,Melicope,glabra
VERNAR,Asteraceae,Vernonia,arborea
ALSTAN,Apocynaceae,Alstonia,angustiloba
FAGRRA,Gentianaceae,Fagraea,volubilis
CRATFO,Clusiaceae,Cratoxylum,formosum
MACACO,Euphorbiaceae,Macaranga,conifera
MACARE,Euphorbiaceae,Macaranga,recurvata
CALLMA,Verbenaceae,Callicarpa,maingayi
DECAFR,Myrtaceae,Decaspermum,fruticosum
MUSSBE,Rubiaceae,Mussaendopsis,beccariana
FICUCH,Moraceae,Ficus,chartacea
ENDOMA,Euphorbiaceae,Endospermum,diadenum
DILLRE,Dilleniaceae,Dillenia,reticulata
CRATMA,Clusiaceae,Cratoxylum,maingayi
ARTOAN,Moraceae,Artocarpus,anisophyllus
GLOCHY,Euphorbiaceae,Glochidion,hypoleucum
SAPIDI,Euphorbiaceae,Sapium,discolor
VITEQU,Verbenaceae,Vitex,quinata
FICUS2,Moraceae,Ficus,scortechinii
ALBIPE,Leguminosae: Mimosa-Group,Albizia,pedicellata
SAPIBA,Euphorbiaceae,Sapium,baccatum
MACAHO,Euphorbiaceae,Macaranga,hosei
MEL2MA,Melastomataceae,Melastoma,scabrum
GLOCSU,Euphorbiaceae,Glochidion,superbum
FICUV2,Moraceae,Ficus,variegata
CRATCO,Clusiaceae,Cratoxylum,cochinchinense
DILLGR,Dilleniaceae,Dillenia,grandifolia
NEO1CA,Rubiaceae,Neolamarckia,cadamba
MACAGI,Euphorbiaceae,Macaranga,gigantea
FICUOB,Moraceae,Ficus,obscura
SAURAN,Euphorbiaceae,Sauropus,androgynus
PHYLEM,Euphorbiaceae,Phyllanthus,pectinata
FICUS1,Moraceae,Ficus,schwarzii
CAMPAU,Anacardiaceae,Campnosperma,auriculata
FICUFI,Moraceae,Ficus,fistulosa
GLOCGL,Euphorbiaceae,Glochidion,glomerulatum
CASSNO,Leguminosae: Caesalpinia-Group,Cassia,nodosa
VITEPI,Verbenaceae,Vitex,pinnata
FICUFU,Moraceae,Ficus,fulva
FICUGR,Moraceae,Ficus,grossularioides
CRA2RE,Capparaceae,Crateva,religiosa
CRATAR,Clusiaceae,Cratoxylum,arborescens
GLOCOB,Euphorbiaceae,Glochidion,obscurum
GLOCSE,Euphorbiaceae,Glochidion,sericeum
,Ulmaceae,Trema,tomentosa
EPIPMA,Euphorbiaceae,Epiprinus,malayanus
SAR1MO,Oxalidaceae,Sarcotheca,monophylla
,Meliaceae,Sandoricum,beccarianum
,Olacaceae,Strombosia,ceylanica
,Saxifragaceae,Polyosma,species 1
XERONO,Sapindaceae,Xerospermum,noronhianum
RINOAN,Violaceae,Rinorea,anguifera
ANAXJA,Annonaceae,Anaxagorea,javanica
ARDICR,Myrsinaceae,Ardisia,crassa
APORM1,Euphorbiaceae,Aporusa,microstachya
SHORM2,Dipterocarpaceae,Shorea,maxwelliana
DACRR1,Burseraceae,Dacryodes,rugosa
KNEMLA,Myristicaceae,Knema,laurina
GIROPA,Ulmaceae,Gironniera,parvifolia
BARRMA,Lecythidaceae,Barringtonia,macrostachya
NEOBHE,Dipterocarpaceae,Neobalanocarpus,heimii
BACCPA,Euphorbiaceae,Baccaurea,parviflora
SCA1SP,Flacourtiaceae,Scaphocalyx,spathacea
DIOSSC,Ebenaceae,Diospyros,scortechinii
IXONIC,Ixonanthaceae,Ixonanthes ,icosandra
ALANEB,Alangiaceae,Alangium,ebenaceum
PIMEGR,Euphorbiaceae,Pimelodendron,griffithianum
AIDIWA,Rubiaceae,Aidia,wallichiana
LEPITE,Sapindaceae,Lepisanthes,tetraphylla
PHAEOP,Annonaceae,Phaeanthus,ophthalmicus
SHORP2,Dipterocarpaceae,Shorea,pauciflora
DACRRO,Burseraceae,Dacryodes,rostrata
APORBR,Euphorbiaceae,Aporusa,subcaudata
DIOSNU,Ebenaceae,Diospyros,nutans
SHORL1,Dipterocarpaceae,Shorea,leprosula
MACALO,Euphorbiaceae,Macaranga,lowii
KNEMFU,Myristicaceae,Knema,furfuracea
APORAU,Euphorbiaceae,Aporusa,aurea
XANTEU,Polygalaceae,Xanthophyllum,eurhynchum
MEMEMI,Melastomataceae,Memecylon,minutiflorum
ONC1MO,Annonaceae,Meiogyne,monosperma
KNEMPA,Myristicaceae,Knema,patentinervia
SHORAC,Dipterocarpaceae,Shorea,acuminata
ARCHBU,Leguminosae: Mimosa-Group,Archidendron,bubalinum
MESUFE,Clusiaceae,Mesua,ferrea
ARDIS2,Myrsinaceae,Ardisia,hulletii
UROPGL,Rubiaceae,Urophyllum,glabrum
LEPISE,Sapindaceae,Lepisanthes,senegalensis
ARDIKU,Myrsinaceae,Ardisia,kunstleri
LITHCU,Fagaceae,Lithocarpus,curtisii
MILLAT,Leguminosae: Phaseolus-Group,Millettia,atropurpurea
APORPR,Euphorbiaceae,Aporusa,prainiana
ROTHMA,Rubiaceae,Rothmannia,macrophylla
VATIBE,Dipterocarpaceae,Vatica,bella
MESUCO,Clusiaceae,Kayea,corneri
DIPTC1,Dipterocarpaceae,Dipterocarpus,cornutus
SHORM1,Dipterocarpaceae,Shorea,macroptera
CANALR,Burseraceae,Canarium,littorale var.rufa
PAYELU,Sapotaceae,Payena,lucida
DIOSAP,Ebenaceae,Diospyros,apiculata
LANSDO,Meliaceae,Lansium,domesticum
DIOSVE,Ebenaceae,Diospyros,venosa
TARES8,Rubiaceae,Tarenna,species 8
MALLPE,Euphorbiaceae,Mallotus,penangensis
NEPHCO,Sapindaceae,Nephelium,costatum
GREWMI,Tiliaceae,Grewia,miqueliana
NEOSKI,Euphorbiaceae,Neoscortechinia,kingii
GYMNFO,Myristicaceae,Gymnacranthera,forbesii
PSE2MA,Annonaceae,Pseuduvaria,macrophylla
OCHAAM,Olacaceae,Ochanostachys,amentacea
BACCRA,Euphorbiaceae,Baccaurea,racemosa
SHORP1,Dipterocarpaceae,Shorea,parvifolia
XYLOM2,Annonaceae,Xylopia,malayana
TRI3MA,Euphorbiaceae,Trigonostemon,malaccanus
SINDCO,Leguminosae: Caesalpinia-Group,Sindora,coriacea
MADHMA,Sapotaceae,Madhuca,malaccensis
CYNOMA,Leguminosae: Caesalpinia-Group,Cynometra,malaccensis
CHAMMA,Opiliaceae,Champereia,manillana
SHOROV,Dipterocarpaceae,Shorea,ovalis
UROPHI,Rubiaceae,Urophyllum,hirsutum
DIALPL,Leguminosae: Dialium-Group,Dialium,platysepalum
APORGL,Euphorbiaceae,Aporusa,globifera
PORTAN,Rubiaceae,Porterandia,anisophylla
CANALL,Burseraceae,Canarium,littorale var littorale
PTYCCO,Euphorbiaceae,Ptychopyxis,costata
SHORBR,Dipterocarpaceae,Shorea,bracteolata
CLE1M2,Euphorbiaceae,Cleistanthus,maingayi
MONOMA,Annonaceae,Monocarpia,marginalis
GALEFU,Pandaceae,Galearia,fulva
SANTAP,Burseraceae,Santiria,apiculata
LITSM2,Lauraceae,Litsea,magnifica
ENICFU,Annonaceae,Enicosanthum,fuscum
MIC1CA,Pandaceae,Microdesmis,caseariifolia
KNEMSC,Myristicaceae,Knema,scortechinii
POPOPI,Annonaceae,Popowia,pisocarpa
XANTGR,Polygalaceae,Xanthophyllum,griffithii
DIPLMA,Rubiaceae,Diplospora,malaccensis
DACRLA,Burseraceae,Dacryodes,laxa
HOPEDR,Dipterocarpaceae,Hopea,dryobalanoides
GONOGR,Icacinaceae,Gonocaryum,gracile
IXORLO,Rubiaceae,Ixora,lobbii
QUERAR,Fagaceae,Quercus,argentata
GARCMA,Clusiaceae,Garcinia,malaccensis
APORFA,Euphorbiaceae,Aporusa,falcifera
APORN1,Euphorbiaceae,Aporusa,nigricans
SHORL2,Dipterocarpaceae,Shorea,lepidota
ALPHMA,Annonaceae,Alphonsea,maingayi
IXORC2,Rubiaceae,Ixora,congesta
EUGEST,Myrtaceae,Eugenia,scortechinii
IXORC1,Rubiaceae,Ixora,concinna
DURIGR,Bombacaceae,Durio,griffithii
EURYLO,Simaroubaceae,Eurycoma,longifolia
MEMEME,Melastomataceae,Memecylon,megacarpum
DIOSSU,Ebenaceae,Diospyros,sumatrana
GREWBL,Tiliaceae,Microcos ,blattaefolia
PEN1MO,Anacardiaceae,Pentaspadon,motleyi
SHORGU,Dipterocarpaceae,Shorea,guiso
SCA2MA,Sterculiaceae,Scaphium ,macropodum
ANT1CO,Euphorbiaceae,Antidesma,coriaceum
MEMECA,Melastomataceae,Memecylon,cantleyi
GLUTM2,Anacardiaceae,Gluta,malayana
GARCEU,Clusiaceae,Garcinia,opaca
AGLACO,Meliaceae,Aglaia,cordata
DRYPPE,Euphorbiaceae,Drypetes,pendula
AGLAOD,Meliaceae,Aglaia,odoratissima
GIRONE,Ulmaceae,Gironniera,nervosa
GNETGN,Gnetaceae,Gnetum,gnemon
PALAHE,Sapotaceae,Palaquium,hexandrum
CRY1KU,Lauraceae,Cryptocarya,kurzii
SAPRSC,Rubiaceae,Saprosma,scortechinii
POL1RU,Annonaceae,Polyalthia,rumphii
ANI2CO,Anisophylleaceae,Anisophyllea,corneri
REINCI,Meliaceae,Reinwardtiodendron,cinereum
DIOSSI,Ebenaceae,Diospyros,singaporensis
MESURA,Clusiaceae,Kayea,racemosa
CRY1IN,Lauraceae,Cryptocarya,infectoria
XANTAF,Polygalaceae,Xanthophyllum,affine
DIOSL1,Ebenaceae,Diospyros,latisepala
KOOMMA,Leguminosae: Caesalpinia-Group,Koompassia,malaccensis
PAVES1,Rubiaceae,Pavetta,species 1
SARADE,Leguminosae: Caesalpinia-Group,Saraca,declinata
DIPTC2,Dipterocarpaceae,Dipterocarpus,costulatus
GIROSU,Ulmaceae,Gironniera,subaequalis
HOMALO,Flacourtiaceae,Homalium,longifolium
DIOSP2,Ebenaceae,Diospyros,pendula
POMEPA,Sapindaceae,Pometia,pinnata
LITHRA,Fagaceae,Lithocarpus,rassa
PRUNAR,Rosaceae,Prunus,arborea
EUGEGR,Myrtaceae,Eugenia,griffithii
EUGECH,Myrtaceae,Eugenia,chlorantha
GLYCCH,Rutaceae,Glycosmis,chlorosperma
CALODI,Clusiaceae,Calophyllum,dioscurii
DACRCO,Burseraceae,Dacryodes,costata
SANTLA,Burseraceae,Santiria,laevigata
PEN2ST,Tiliaceae,Pentace,strychnoidea
EUGEV2,Myrtaceae,Eugenia,variolosa
EUGEPU,Myrtaceae,Eugenia,pustulata
SYMPCR,Symplocaceae,Symplocos,crassipes
GARCNE,Clusiaceae,Garcinia ,nervosa
EUGEC1,Myrtaceae,Eugenia,cerasiformis
INTSPA,Leguminosae: Caesalpinia-Group,Intsia,palembanica
MEL1AN,Anacardiaceae,Melanochyla,angustifolia
DIOSBU,Ebenaceae,Diospyros,buxifolia
ANT1PE,Euphorbiaceae,Antidesma,pendulum
EUGEP2,Myrtaceae,Eugenia,polita
APORM2,Euphorbiaceae,Aporusa,lucida
EUGEDE,Myrtaceae,Eugenia,densiflora
MEL1FU,Anacardiaceae,Melanochyla,fulvinervis
CASTSC,Fagaceae,Castanopsis,schefferiana
GARCPA,Clusiaceae,Garcinia,parvifolia
DRA1LL,Dracaenaceae,Dracaena,tetrastachys
NEOSNI,Euphorbiaceae,Neoscortechinia,nicobarica
CANAPI,Burseraceae,Canarium,pilosum
HOMADI,Flacourtiaceae,Homalium,dictyoneurum
HORSS1,Myristicaceae,Horsfieldia,sucosa
DACRR2,Burseraceae,Dacryodes,rubiginosa
SCHOAC,Tiliaceae,Schoutenia ,accrescens
VATIPA,Dipterocarpaceae,Vatica,pauciflora
MEMEDI,Melastomataceae,Memecylon,dichotomum
DRYPPO,Euphorbiaceae,Drypetes,polyneura
SHOROC,Dipterocarpaceae,Shorea,ochrophloia
EUGECL,Myrtaceae,Eugenia,claviflora
ANACHE,Olacaceae,Anacolosa,frutescens
TRIOMA,Burseraceae,Triomma,malaccensis
AGLAAS,Meliaceae,Aglaia,aspera
GARCNI,Clusiaceae,Garcinia,nigrolineata
DIOSA2,Ebenaceae,Diospyros,argentea
CLE1SU,Euphorbiaceae,Cleistanthus,sumatranus
MALLLE,Euphorbiaceae,Mallotus,leucodermis
CALOTE,Clusiaceae,Calophyllum,tetrapterum
AGLAFO,Meliaceae,Aglaia,forbesii
AGLAGR,Meliaceae,Aglaia,grandis
GAEROB,Rubiaceae,Gaertnera,oblanceolata
STERC1,Sterculiaceae,Sterculia ,coccinea
AGLAO2,Meliaceae,Aglaia,lawii
HERISI,Sterculiaceae,Heritiera ,simplicifolia
MEL1TO,Anacardiaceae,Melanochyla,tomentosa
LITSUF,Lauraceae,Litsea,umbellata
HOPEME,Dipterocarpaceae,Hopea,mengarawan
MITRMA,Annonaceae,Mitrephora,maingayi
KNEMHO,Myristicaceae,Knema,hookeriana
MEMELI,Melastomataceae,Memecylon,lilacinum
XANTAM,Polygalaceae,Xanthophyllum,amoenum
BOUEOP,Anacardiaceae,Bouea,oppositifolia
GONITO,Annonaceae,Goniothalamus,tortilipetalus
DRYPLO,Euphorbiaceae,Drypetes,longifolia
ARDIPA,Myrsinaceae,Ardisia,pachysandra
CHASCU,Rubiaceae,Chasalia,curviflora
MEDUGR,Icacinaceae,Medusanthera,gracilis
ATUNEX,Chrysobalanaceae,Atuna ,excelsa
EUGEFI,Myrtaceae,Eugenia,filiformis
CRY1GR,Lauraceae,Cryptocarya,griffithiana
DIOSAN,Ebenaceae,Diospyros,andamanica
CANALT,Burseraceae,Canarium,littorale var.tomentosa
ARTOSC,Moraceae,Artocarpus,scortechinii
IGUAWA,Palmae,Iguanura,wallichiana
TABECO,Apocynaceae,Tabernaemontana,corymbosa
BACCRE,Euphorbiaceae,Baccaurea,reticulata
PSYDS8,Rubiaceae,Psydrax,species 8
BOUEMA,Anacardiaceae,Bouea,macrophylla
HEL2VE,Proteaceae,Heliciopsis,velutina
POL1ST,Annonaceae,Polyalthia,stenopetala
EUGECU,Myrtaceae,Eugenia,cumingiana
POL1SC,Annonaceae,Polyalthia,sclerophylla
TRI1HY,Trigoniaceae,Trigoniastrum,hypoleucum
PAVEGR,Rubiaceae,Pavetta,graciliflora
AGLAGL,Meliaceae,Aglaia,glabriflora
SANTTO,Burseraceae,Santiria,tomentosa
MEMEO1,Melastomataceae,Memecylon,oligoneurum
EUGERI,Myrtaceae,Eugenia,ridleyi
CRY1RU,Lauraceae,Cryptocarya,rugulosa
KINGNE,Annonaceae,Dendrokingstonia,nervosa
AGLAE1,Meliaceae,Aglaia,exstipulata
GARCSC,Clusiaceae,Garcinia,scortechinii
MESUKU,Clusiaceae,Kayea,kunstleri
APORSY,Euphorbiaceae,Aporusa,symplocoides
XYLOCA,Annonaceae,Xylopia,caudata
LITHWA,Fagaceae,Lithocarpus,wallichianus
APORN2,Euphorbiaceae,Aporusa,sessiliflora
RYPAKU,Flacourtiaceae,Ryparosa,kunstleri
GONYMA,Gonystylaceae,Gonystylus,maingayi
GLYPQU,Celastraceae,Glyptopetalum,quadrangulare
MESUGR,Clusiaceae,Kayea ,grandis
ERYCAL,Convolvulaceae,Erycibe,albida
MEL1S1,Anacardiaceae,Melanochyla,species one
DIOSCA,Ebenaceae,Diospyros,cauliflora
APH1SU,Meliaceae,Aphanamixis,sumatrana
SCLEWA,Santalaceae,Scleropyrum,wallichianum
NEPHMA,Sapindaceae,Nephelium,maingayi
ANT1CU,Euphorbiaceae,Antidesma,cuspidatum
MANGQU,Anacardiaceae,Mangifera,quadrifida
HYPORA,Rubiaceae,Hypobathrium,racemosum
HORSBR,Myristicaceae,Horsfieldia,brachiata
TETRPO,Myrsinaceae,Tetrardisia,porosa
MYRICI,Myristicaceae,Myristica,cinnamomea
PRISS1,Rubiaceae,Prismatomeris,species 1
ALSEP2,Lauraceae,Alseodaphne,peduncularis
EUGEP3,Myrtaceae,Eugenia,pseudosubtilis
ALPHEL,Annonaceae,Alphonsea,elliptica
ACTIPR,Lauraceae,Actinodaphne,pruinosa
ALANRI,Alangiaceae,Alangium,ridleyi
XYLOM1,Annonaceae,Xylopia,magna
MEMEAM,Melastomataceae,Memecylon,amplexicaule
MEMEEX,Melastomataceae,Memecylon,excelsum
STERPA,Sterculiaceae,Sterculia ,parviflora
QUERGE,Fagaceae,Quercus,gemelliflora
APORNE,Euphorbiaceae,Aporusa,nervosa
SANTGR,Burseraceae,Santiria,griffithii
ARCHMI,Leguminosae: Mimosa-Group,Archidendron,microcarpum
POL1SU,Annonaceae,Polyalthia,sumatrana
SANTRU,Burseraceae,Santiria,rubiginosa
IXORGL,Rubiaceae,Ixora,grandifolia
GOMPQU,Icacinaceae,Gomphandra,ovalifolia
CALOWA,Clusiaceae,Calophyllum,wallichianum
SCOLSP,Flacourtiaceae,Scolopia,spinosa
WALSCH,Meliaceae,Pseudoclausena,chrysogyne
EUGES2,Myrtaceae,Eugenia,syzygioides
TIMOWA,Rubiaceae,Timonius,wallichianus
HORSS2,Myristicaceae,Horsfieldia,superba
GYNOAX,Rhizophoraceae,Gynotroches,axillaris
DEHACU,Lauraceae,Dehaasia,cuneata
BLUMTO,Euphorbiaceae,Blumeodendron,tokbrai
MYRIM1,Myristicaceae,Myristica,maingayi
LEPIFR,Sapindaceae,Lepisanthes,fruticosa
NEOSSU,Euphorbiaceae,Neoscortechinia,sumatrensis
DIPTCR,Dipterocarpaceae,Dipterocarpus,crinitus
HORSPO,Myristicaceae,Horsfieldia,polyspherula
EUGESU,Myrtaceae,Eugenia,subdecussata
DRIMLU,Anacardiaceae,Drimycarpus,luridus
XANTCH,Polygalaceae,Xanthophyllum,chartaceum
RINOSC,Violaceae,Rinorea,sclerocarpa
DRYPLA,Euphorbiaceae,Drypetes,laevis
SARATH,Leguminosae: Caesalpinia-Group,Saraca,thaipingensis
BARRPE,Lecythidaceae,Barringtonia,pendula
DYSOAL,Meliaceae,Dysoxylum,alliaceum
CINNJA,Lauraceae,Cinnamomum,javanicum
BEILL1,Lauraceae,Beilschmiedia,lucidula
IRVIMA,Irvingiaceae,Irvingia,malayana
BEILP2,Lauraceae,Beilschmiedia,palembanica
LITHWR,Fagaceae,Lithocarpus,wrayi
SEMECU,Anacardiaceae,Semecarpus,curtisii
KOKORE,Celastraceae,Kokoona,reflexa
DRYPKI,Euphorbiaceae,Drypetes,kikir
TEIJCO,Verbenaceae,Teijsmanniodendron,coriaceum
KNEMST,Myristicaceae,Knema,stenophylla
NEPHER,Sapindaceae,Nephelium,cuspidatum
DRA1SL,Dracaenaceae,Dracaena,elliptica
ELATTA,Euphorbiaceae,Elateriospermum,tapos
IXORGG,Rubiaceae,Ixora,grandifolia
KOILLO,Euphorbiaceae,Koilodepas,longifolium
MANGFO,Anacardiaceae,Mangifera,foetida
CALOMA,Clusiaceae,Calophyllum,macrocarpum
DIOSS1,Ebenaceae,Diospyros,species 1
POL1JE,Annonaceae,Polyalthia,jenkinsii
ALSES1,Lauraceae,Alseodaphne,species 1
EUGEPR,Myrtaceae,Eugenia,prainiana
KNEMCU,Myristicaceae,Knema,curtisii
NEPHOP,Sapindaceae,Nephelium,ophioides
HYPOVE,Rubiaceae,Hypobathrium,venulosum
SAR1GR,Oxalidaceae,Sarcotheca,griffithii
KIBAMA,Apocynaceae,Kibatalia,maingayi
WALSPI,Meliaceae,Walsura,pinnata
MEL1AU,Anacardiaceae,Melanochyla,auriculata
DRA1ML,Dracaenaceae,Dracaena,brachystachys
POL1GL,Annonaceae,Polyalthia,glauca
CANAME,Burseraceae,Canarium,megalanthum
CINNIN,Lauraceae,Cinnamomum,iners
PAR4IN,Anacardiaceae,Parishia,insignis
PRISGL,Rubiaceae,Prismatomeris,glabra
EUGESB,Myrtaceae,Eugenia,species b
BLUMSU,Euphorbiaceae,Blumeodendron,subrotundifolium
EUGETU,Myrtaceae,Eugenia,tumida
CLERDE,Verbenaceae,Clerodendrum,deflexum
LITSCA,Lauraceae,Litsea,castanea
CTENPA,Ctenolophonaceae,Ctenolophon,parvifolius
MEMEO2,Melastomataceae,Memecylon,oleifolium
EUGEDU,Myrtaceae,Eugenia,duthieana
EUGEIN,Myrtaceae,Eugenia,inophylla var. barnardi
HERIEL,Sterculiaceae,Heritiera ,elata
PAR2DE,Dipterocarpaceae,Parashorea,densiflora
PSE1SI,Myrtaceae,Pseudoeugenia,singaporensis
MEZZLE,Annonaceae,Mezzettia,leptopoda
COELGR,Bombacaceae,Coelostegia,griffithii
CHISTO,Meliaceae,Chisocheton,tomentosus
ELAEP3,Elaeocarpaceae,Elaeocarpus,palembanicus
IXORPE,Rubiaceae,Ixora,pendula
NOTHUM,Lauraceae,Nothaphoebe,umbelliflora
SINDVE,Leguminosae: Caesalpinia-Group,Sindora,velutina
FLACRU,Flacourtiaceae,Flacourtia,rukam
LICASP,Chrysobalanaceae,Licania,splendens
EUGENI,Myrtaceae,Eugenia,nigricans
POL1OB,Annonaceae,Polyalthia,obliqua
GREWLA,Tiliaceae,Grewia,laurifolia
PINAMA,Palmae,Pinanga,malayana
ELAENI,Elaeocarpaceae,Elaeocarpus,nitidus
ACROPO,Rutaceae,Maclurodendron,porteri
EUGEP4,Myrtaceae,Eugenia,pseudocrenulata
DIOSAD,Ebenaceae,Diospyros,adenophora
BLUMCA,Euphorbiaceae,Blumeodendron,calophyllum
ILEXMA,Aquifoliaceae,Ilex,macrophylla
LEPTGL,Sterculiaceae,Leptonychia,caudata
SANDKO,Meliaceae,Sandoricum,koetjape
ANI1LA,Dipterocarpaceae,Anisoptera,laevis
MEMEPU,Melastomataceae,Memecylon,pubescens
ATUNEL,Chrysobalanaceae,Atuna,racemosa
GREWFI,Tiliaceae,Microcos,fibrocarpa
AGLAOL,Meliaceae,Aglaia,oligophylla
STERRU,Sterculiaceae,Sterculia ,rubiginosa
EUGEC3,Myrtaceae,Eugenia,castanea
CANAPA,Burseraceae,Canarium,patentinervium
TRI3L2,Euphorbiaceae,Trigonostemon,laevigatus
HUNTZE,Apocynaceae,Hunteria,zeylanica
ARTOMA,Moraceae,Artocarpus,maingayi
GLYCSA,Rutaceae,Glycosmis,sapindoides
DIOSA1,Ebenaceae,Diospyros,areolata
LOPHFL,Celastraceae,Lophopetalum,floribundum
DACRLO,Burseraceae,Dacryodes,longifolia
MANGG2,Anacardiaceae,Mangifera,griffithii
SUREMU,Euphorbiaceae,Suregada,multiflora
LITHCO,Fagaceae,Lithocarpus,conocarpus
LASILO,Rubiaceae,Lasianthus,lowianus
XYLOFO,Annonaceae,Xylopia,oxyantha
EUGESD,Myrtaceae,Eugenia,species d
PEN2TR,Tiliaceae,Pentace,triptera
POPOTO,Annonaceae,Popowia,tomentosa
CHISER,Meliaceae,Chisocheton,erythrocarpus
MEMEWA,Melastomataceae,Memecylon,wallichii
SYMPCE,Symplocaceae,Symplocos,cerasifolia
DIALPR,Leguminosae: Dialium-Group,Dialium,procerum
DIOSRU,Ebenaceae,Diospyros,rufa
SCA2LI,Sterculiaceae,Scaphium,linearicarpum
BEILM2,Lauraceae,Beilschmiedia,madang
XANTRU,Polygalaceae,Xanthophyllum,rufum
GOM1SE,Ochnaceae,Gomphia,serrata
LITSFE,Lauraceae,Litsea,ferruginea
ONC2HO,Palmae,Oncosperma,horridum
POL1LA,Annonaceae,Polyalthia,lateriflora
MANGM2,Anacardiaceae,Mangifera,magnifica
HORSPS,Myristicaceae,Horsfieldia,polyspherula
BACCSU,Euphorbiaceae,Baccaurea,sumatrana
HEL1AT,Proteaceae,Helicia,attenuata
GARCBA,Clusiaceae,Garcinia ,bancana
DRYPRH,Euphorbiaceae,Drypetes,rhakodiskos
MANGG1,Anacardiaceae,Mangifera,gracilipes
AGLATE,Meliaceae,Aglaia,tenuicaulis
DIPLLA,Rubiaceae,Diplospora,lasiantha
AQUIMA,Thymelaeaceae,Aquilaria,malaccensis
CRY1FE,Lauraceae,Cryptocarya,ferrea
XANTST,Polygalaceae,Xanthophyllum,stipitatum
EUGENA,Myrtaceae,Eugenia,napiformis
KNEMKU,Myristicaceae,Knema,kunstleri
ALANNO,Alangiaceae,Alangium,nobile
TIMOS1,Rubiaceae,Timonius,species 1
XYLOFE,Annonaceae,Xylopia,ferruginea
EUGEIB,Myrtaceae,Eugenia,inophylla
GONIMA,Annonaceae,Goniothalamus,macrophyllus
AGLARU,Meliaceae,Aglaia,rufa
FAHRPE,Euphorbiaceae,Fahrenheitia,pendula
ELAEPE,Elaeocarpaceae,Elaeocarpus,petiolatus
STEMMA,Icacinaceae,Stemonurus,malaccensis
MADHL2,Sapotaceae,Madhuca,laurifolia
TAREMO,Rubiaceae,Tarenna,mollis
CINNMO,Lauraceae,Cinnamomum,mollissimum
HORSFU,Myristicaceae,Horsfieldia,fulva
DIALMA,Leguminosae: Dialium-Group,Dialium,maingayi
PAR1OB,Chrysobalanaceae,Parinari,oblongifolia
CASTME,Fagaceae,Castanopsis,megacarpa
ARTOFU,Moraceae,Artocarpus,fulvicortex
AGLAPA,Meliaceae,Aglaia,palembanica
DYSOC1,Meliaceae,Dysoxylum,carolinae
DICHGE,Dichaepetalaceae,Dichaepetalum,gelniodes
BACCGR,Euphorbiaceae,Baccaurea,griffithii
VATIMA,Dipterocarpaceae,Vatica,maingayi
CHISP2,Meliaceae,Chisocheton,patens
PAR1EL,Chrysobalanaceae,Parinari,elmeri
CLERLA,Verbenaceae,Clerodendrum,laevifolium
CLE1MY,Euphorbiaceae,Cleistanthus,myrianthus
GARCRO,Clusiaceae,Garcinia ,rostrata
ACTISE,Lauraceae,Actinodaphne,sesquipedalis
POL1CI,Annonaceae,Polyalthia,cinnamomea
DIOSMA,Ebenaceae,Diospyros,maingayi
DURISI,Bombacaceae,Durio,singaporensis
ALCHRU,Euphorbiaceae,Alchornea,rugosa
CANAAP,Burseraceae,Canarium,apertum
PALAMA,Sapotaceae,Palaquium,maingayi
LASIS1,Rubiaceae,Lasianthus,species 1
PSYCRO,Rubiaceae,Psychotria,rostrata
GARCS2,Clusiaceae,Garcinia,sp 2
GANUS1,Sapotaceae,Ganua,species 1
EUGESA,Myrtaceae,Eugenia,species a
MANGS1,Anacardiaceae,Mangifera,subsessilifolia
PYREAC,Theaceae,Pyrenaria,acuminata
IXORKI,Rubiaceae,Ixora,kingstonii
DIOSWA,Ebenaceae,Diospyros,wallichii
MANGIN,Anacardiaceae,Mangifera,indica
DURIOX,Bombacaceae,Durio,oxleyanus
GARCS1,Clusiaceae,Garcinia,sp 1
DYSOC2,Meliaceae,Dysoxylum,cauliflorum
EUGEVI,Myrtaceae,Eugenia,virens
EUGEKO,Myrtaceae,Eugenia,koordersiana
ELAERU,Elaeocarpaceae,Elaeocarpus,rugosus
LITHEW,Fagaceae,Lithocarpus,ewyckii
CHISCE,Meliaceae,Chisocheton,ceramicus
BRACHO,Ochnaceae,Brackenridgea,hookeri
AGLARI,Meliaceae,Aglaia,ridleyi
ARCHCL,Leguminosae: Mimosa-Group,Archidendron,clypearia
RYPAFA,Flacourtiaceae,Ryparosa,fasciculata
ELAEFE,Elaeocarpaceae,Elaeocarpus,ferrugineus
GUIOS1,Sapindaceae,Guioa,fuscidula
ACTIM1,Lauraceae,Actinodaphne,macrophylla
TAREMA,Rubiaceae,Tarenna,maingayi
MANGSU,Anacardiaceae,Mangifera,superba
BEILS1,Lauraceae,Beilschmiedia,species 1
RYPAAC,Flacourtiaceae,Ryparosa,acuminata
CHIOMA,Oleaceae,Chionanthus,macrocarpus
GAR2TU,Rubiaceae,Gardenia,tubifera
NEPHHA,Sapindaceae,Nephelium,hamulatum
CYATRA,Annonaceae,Cyathocalyx,ramuliflorus
PTE2TU,Sterculiaceae,Pterocymbium ,tubulatum
EUGEFA,Myrtaceae,Eugenia,fastigata
GOMPS1,Icacinaceae,Gomphandra,species 1
SANTOB,Burseraceae,Santiria,oblongifolia
BACCMI,Euphorbiaceae,Baccaurea,minor
BACCPY,Euphorbiaceae,Baccaurea,pyriformis
GARCFO,Clusiaceae,Garcinia,forbesii
CHIORA,Oleaceae,Chionanthus,ramiflorus
CASES2,Flacourtiaceae,Casearia,aff. tuberculata
PSYCGR,Rubiaceae,Psychotria,griffithii
CHRYLA,Sapotaceae,Chrysophyllum,lanceolatum
ORMOVE,Leguminosae: Phaseolus-Group,Ormosia,sumatrana
FICUGL,Moraceae,Ficus,glandulifera
ANI1ME,Dipterocarpaceae,Anisoptera,megistocarpa
STYRBE,Styracaceae,Styrax,benzoin
TARE11,Rubiaceae,Tarenna,species 11
PAR3BR,Moraceae,Parartocarpus,bracteatus
DIPTKU,Dipterocarpaceae,Dipterocarpus,kunstleri
DRYPMI,Euphorbiaceae,Drypetes,microphylla
CLE1M1,Euphorbiaceae,Cleistanthus,malacccensis
MYRIM2,Myristicaceae,Myristica,maxima
NEESSY,Bombacaceae,Neesia,synandra
TRI2MA,Euphorbiaceae,Trigonopleura,malayana
PRAILI,Moraceae,Prainea,limpato
APORLU,Euphorbiaceae,Aporusa,lunata
CHIOS1,Oleaceae,Chionanthus,pasoh
DIOSPY,Ebenaceae,Diospyros,pyrrhocarpa
TRIVMA,Annonaceae,Trivalvaria,macrophylla
POUTMA,Sapotaceae,Pouteria,malaccensis
PALAST,Sapotaceae,Palaquim,stellatum
SINDEC,Leguminosae: Caesalpinia-Group,Sindora,echinocalyx
EUGE04,Myrtaceae,Eugenia,species 4
ERYTCU,Erythroxylaceae,Erythroxylum,cuneatum
SHORHO,Dipterocarpaceae,Shorea,hopeifolia
DACRPU,Burseraceae,Dacryodes,puberula
ARDIRI,Myrsinaceae,Ardisia,ridleyi
SHORDA,Dipterocarpaceae,Shorea,dasyphylla
MANGM1,Anacardiaceae,Mangifera,macrocarpa
AROMEL,Magnoliaceae,Magnolia ,elegans
GYMNEU,Myristicaceae,Gymnacranthera,eugeniifolia
HARMKU,Olacaceae,Harmandia,mekongensis
CALODE,Clusiaceae,Calophyllum,depressinervosum
LITHLU,Fagaceae,Lithocarpus,lucidus
EUGEFL,Myrtaceae,Eugenia,flosculifera
AGLAS1,Meliaceae,Aglaia,erythrosperma
CRY1SC,Lauraceae,Cryptocarya,scortechinii
KNEMCO,Myristicaceae,Knema,conferta
HORSCR,Myristicaceae,Horsfieldia,crassifolia
DRA2DA,Anacardiaceae,Dracontomelum,dao
AGLAS2,Meliaceae,Aglaia,species 2
PANDMO,Pandanaceae,Pandanus,monotheca
CASECL,Flacourtiaceae,Casearia,clarkei
ARCHCO,Leguminosae: Mimosa-Group,Archidendron,contortum
ARCHGL,Leguminosae: Mimosa-Group,Archidendron,globosum
PSYD10,Rubiaceae,Psydrax,species 10
TERNCO,Theaceae,Ternstroemia,corneri
HORSPU,Myristicaceae,Horsfieldia,punctatifolia
GARCGR,Clusiaceae,Garcinia,griffithii
RINOHO,Violaceae,Rinorea,horneri
CHEIMA,Euphorbiaceae,Cheilosa,montana
CYATPR,Annonaceae,Cyathocalyx,pruniferus
BRIDPU,Euphorbiaceae,Bridelia,pustulata
DIALWA,Leguminosae: Dialium-Group,Dialium,wallichii
STERHI,Sterculiaceae,Sterculia,hispidissima
CRUDCU,Leguminosae: Caesalpinia-Group,Crudia,curtisii
ILEXS1,Aquifoliaceae,Ilex,cymosa
EUGEGP,Myrtaceae,Eugenia,glauca
PIMEMA,Euphorbiaceae,Pimelodendron,macrocarpum
ALSEP1,Lauraceae,Alseodaphne,perakensis
MEL1CA,Anacardiaceae,Melanochyla,caesia
POL1CL,Annonaceae,Polyalthia,clavigera
DEHAIN,Lauraceae,Dehaasia,incrassata
LITSRE,Lauraceae,Litsea,resinosa
HORSWA,Myristicaceae,Horsfieldia,wallichii
LITSCO,Lauraceae,Litsea,costalis
MESULE,Clusiaceae,Kayea,lepidota
MEMEPA,Melastomataceae,Memecylon,paniculatum
EUGE16,Myrtaceae,Eugenia,species 16
KNEMIN,Myristicaceae,Knema,intermedia
HORSTO,Myristicaceae,Horsfieldia,tomentosa
ENDOCA,Myristicaceae,Endocomia,canarioides
DIOSDI,Ebenaceae,Diospyros,diepenhorstii
SLOAJA,Elaeocarpaceae,Sloanea,javanica
PTELLA,Boraginaceae,Pteleocarpa,lamponga
EUGELE,Myrtaceae,Eugenia,leptostemon
EUGEO1,Myrtaceae,Eugenia,oblongifolia
CRY2GR,Crypteroniaceae,Crypteronia,griffithii
MANGLA,Anacardiaceae,Mangifera,lagenifera
LITSM1,Lauraceae,Litsea,machilifolia
TRIVNE,Annonaceae,Trivalvaria,nervosa
XANTEL,Polygalaceae,Xanthophyllum,ellipticum
MALLGR,Euphorbiaceae,Mallotus,griffithianus
EUODRO,Rutaceae,Melicope,lunu-ankenda
TERMCI,Combretaceae,Terminalia,citrina
PERTEU,Rubiaceae,Pertusadina,eurhyncha
DACRNE,Burseraceae,Dacryodes,nervosa
PAR4PA,Anacardiaceae,Parishia,paucijuga
TALACA,Magnoliaceae,Magnolia,candollii
PLA2GR,Lecythidaceae,Planchonia,grandis
BACCM2,Euphorbiaceae,Baccaurea,maingayi
AGLAME,Meliaceae,Aglaia,simplicifolia
CINNSI,Lauraceae,Cinnamomum,sintoc
TRI4S1,Sapindaceae,Xerospermum,sp 1
HERIJA,Sterculiaceae,Heritiera,javanica
ARTOKE,Moraceae,Artocarpus,kemando
ENDIM1,Lauraceae,Endiandra,maingayi
PTYCCA,Euphorbiaceae,Ptychopyxis,caput-medusae
HORSFL,Myristicaceae,Horsfieldia,flocculosa
EUONJA,Celastraceae,Euonymus,javanicus
PODOMO,Podocarpaceae,Podocarpus,motleyi
EUGEV1,Myrtaceae,Eugenia,valdevenosa
EUGEC2,Myrtaceae,Eugenia,cerina
LITHCY,Fagaceae,Lithocarpus,cyclophorus
XYLOEL,Annonaceae,Xylopia,elliptica
GORDSI,Symplocaceae,Gordonia,singaporiana
EUGE10,Myrtaceae,Eugenia,species 10
CALOWI,Clusiaceae,Calophyllum,wallichianum
CHIOCA,Oleaceae,Chionanthus,calophyllus
BEILDI,Lauraceae,Beilschmiedia,dictyoneura
AGLARB,Meliaceae,Aglaia,malaccensis
DEHAPO,Lauraceae,Dehaasia,polyneura
ANI1CO,Dipterocarpaceae,Anisoptera,costata
CASTCU,Fagaceae,Castanopsis,curtisii
DYSOFL,Meliaceae,Dysoxylum,flavescens
DIOSL2,Ebenaceae,Diospyros,lanceifolia
IXORNI,Rubiaceae,Ixora,nigricans
GOMPCA,Icacinaceae,Gomphandra,quadrifida
ALSES2,Lauraceae,Alseodaphne,species 2
AGLAS4,Meliaceae,Aglaia,species 4
ALLOCO,Sapindaceae,Allophylus,cobbe
EUGEDY,Myrtaceae,Eugenia,dyeriana
XYLOFS,Annonaceae,Xylopia,fusca
KIB2CO,Monimiaceae,Kibara,coriacea
POL1HY,Annonaceae,Polyalthia,hypoleuca
LITSNI,Lauraceae,Litsea,nidularis
EUGERU,Myrtaceae,Eugenia,rugosa
HOPESA,Dipterocarpaceae,Hopea,sangal
AGLAGA,Meliaceae,Aglaia,silvestris
CASTIN,Fagaceae,Castanopsis,inermis
MASTPE,Cornaceae,Mastixia,pentandra
ENGESE,Juglandaceae,Engelhardtia,serrata
EUGE08,Myrtaceae,Eugenia,species 8
XANTWR,Polygalaceae,Xanthophyllum,wrayi
PAR5XE,Sapindaceae,Paranephelium,xestophyllum
EUGEPA,Myrtaceae,Eugenia,pachyphylla
CALORU,Clusiaceae,Calophyllum,rupicola
HOMACA,Flacourtiaceae,Homalium,caryophyllaceum
SANTCO,Burseraceae,Santiria,conferta
STERC2,Sterculiaceae,Sterculia ,cordata
DACRIN,Burseraceae,Dacryodes,incurvata
ARDILA,Myrsinaceae,Ardisia,lanceolata
MILILO,Annonaceae,Miliusa,longipes
MANGQL,Anacardiaceae,Mangifera,longipetiolata
AGLAS7,Meliaceae,Aglaia,species 7
TRIVPU,Annonaceae,Trivalvaria,pumila
FICUSI,Moraceae,Ficus,sinuata
FICUV1,Moraceae,Ficus,vasculosa
TRI4AC,Sapindaceae,Trigonachras,acutangulum
SYMPCO,Symplocaceae,Symplocos,cochinchinensis
ARTHDI,Araliaceae,Arthrophyllum,diversifolium
CHISGL,Meliaceae,Chisocheton,glomeratus
ENDIKI,Lauraceae,Endiandra,kingiana
PAYEMA,Sapotaceae,Payena,maingayi
LEPITH,Sapindaceae,Lepisanthes,tetraphylla
MIC2VA,Celastraceae,Microtropis,valida
GARCAT,Clusiaceae,Garcinia,atroviridis
AGLAS3,Meliaceae,Aglaia,cf. teysmanniana
SHORMU,Dipterocarpaceae,Shorea,multiflora
BEILS2,Lauraceae,Beilschmiedia,species 2
PANDYV,Pandanaceae,Pandanus,yvonii
STELCA,Annonaceae,Stelechocarpus,cauliflorus
DEHALO,Lauraceae,Dehaasia,longipetiolata
KNEMMA,Myristicaceae,Knema,malayana
ELAEGR,Elaeocarpaceae,Elaeocarpus,mastersii
NEPHPA,Sapindaceae,Nephelium,pallens
DIOSP1,Ebenaceae,Diospyros,penangiana
BACCR1,Euphorbiaceae,Baccaurea,ramiflora
SYMPRU,Symplocaceae,Symplocos,rubiginosa
XANTSC,Polygalaceae,Xanthophyllum,scortechinii
TEIJSI,Verbenaceae,Teijsmanniodendron,simplicifolium
ORANSY,Palmae,Orania,sylvicola
SINDWA,Leguminosae: Caesalpinia-Group,Sindora,wallichii
PAR1CO,Chrysobalanaceae,Parinari,costata
TRI3LO,Euphorbiaceae,Trigonostemon,longifolius
PALAOB,Sapotaceae,Palaquium,obovatum
MANGRU,Anacardiaceae,Mangifera,rufocostata
ELAEST,Elaeocarpaceae,Elaeocarpus,stipularis
OSMEMA,Flacourtiaceae,Osmelia,maingayi
CASTNE,Fagaceae,Castanopsis,nepheliodes
DYSOS1,Meliaceae,Dysoxylum,species 1
GALEMA,Pandaceae,Galearia,maingayi
MYRIM3,Myristicaceae,Myristica,malaccensis
XEROS1,Sapindaceae,Xerospermum,sp 1
PAR6UR,Chrysobalanaceae,Parastemon,urophyllus
LITSWR,Lauraceae,Litsea,wrayi
GREWAN,Tiliaceae,Microcos ,antidesmaefolia
LITSEL,Lauraceae,Litsea,elliptica
PLATLA,Icacinaceae,Platea,latifolia
PHAECR,Annonaceae,Phaeanthus,crassipetalus
LITSG2,Lauraceae,Litsea,grandis
BACCKU,Euphorbiaceae,Baccaurea,kunstleri
BEILKU,Lauraceae,Beilschmiedia,kunstleri
ALSENI,Lauraceae,Alseodaphne,nigrescens
SYMPOP,Symplocaceae,Symplocos,ophirensis
EUGEPO,Myrtaceae,Eugenia,polyantha
CHISSA,Meliaceae,Chisocheton,sarawakanus
TERMBE,Combretaceae,Terminalia,bellirica
STREEL,Moraceae,Streblus,elongatus
PALAGU,Sapotaceae,Palaquium,gutta
STERMA,Sterculiaceae,Sterculia ,macrophylla
GANUMO,Sapotaceae,Ganua,motleyana
DRYPS1,Euphorbiaceae,Drypetes,species 1
MILLS1,Leguminosae: Phaseolus-Group,Millettia,species 1
AGLAS5,Meliaceae,Aglaia,species 5
EUGESP,Myrtaceae,Eugenia,spicata
TARECO,Rubiaceae,Tarenna,stellulata
TERMSU,Combretaceae,Terminalia,subspathulata
KNEMSU,Myristicaceae,Knema,sumatrana
MASTTR,Cornaceae,Mastixia,trichotoma
PALACL,Sapotaceae,Palaquium,clarkeanum
APORCO,Euphorbiaceae,Aporusa,confusa
BARRFU,Lecythidaceae,Barringtonia,fusiformis
CARYMI,Palmae,Caryota,mitis
CLERNU,Verbenaceae,Clerodendrum,nutans
STROJA,Olacaceae,Strombosia,javanica
PHOLMA,Palmae,Pholidocarpus,macrocarpus
AUSTNI,Euphorbiaceae,Austrobuxus,nitidus
ORMOPE,Leguminosae: Phaseolus-Group,Ormosia,penangensis
PINARI,Palmae,Pinanga,ridleyana
CALOSO,Clusiaceae,Calophyllum,soulattri
PITHSP,Leguminosae: Mimosa-Group,Archidendron,splendens
PRUNST,Rosaceae,Prunus,stipulaceum
DIPTSU,Dipterocarpaceae,Dipterocarpus,sublamellatus
EHRETI,Boraginaceae,Ehretia,timorensis
NEOLZE,Lauraceae,Neolitsea,zeylanica
LITSER,Lauraceae,Litsea,erectinervia
THOTGR,Aristolochiaceae,Thottea,grandiflora
ALANGR,Alangiaceae,Alangium,griffithii
CANALP,Burseraceae,Canarium,littorale var. purpurescens
TABEMA,Apocynaceae,Tabernaemontana,malaccensis
TERMPH,Combretaceae,Terminalia,phellocarpa
ARALPI,Araliaceae,Aralidium,pinnatifidum
CELTRI,Ulmaceae,Celtis,rigescens
GARCS4,Clusiaceae,Garcinia,species 4
LITSTO,Lauraceae,Litsea,tomentosa
ANT1VE,Euphorbiaceae,Antidesma,velutinosum
DYSOAC,Meliaceae,Dysoxylum,acutangulum
ARDICO,Myrsinaceae,Ardisia,colorata
DYSOCO,Meliaceae,Dysoxylum,costulatum
HARPCU,Sapindaceae,Harpullia,cupanioides
DIOSDA,Ebenaceae,Diospyros,daemona
NEOUFO,Annonaceae,Neouvaria,foetida
SEMERU,Anacardiaceae,Semecarpus,hairy
CHASLO,Rubiaceae,Chasalia,longifolia
GAR1LO,Rubiaceae,Gardeniopsis,longifolia
PLA1MA,Sapotaceae,Planchonella,maingayi
PSYDMA,Rubiaceae,Psydrax,maingayi
MIC3MI,Rutaceae,Micromelum,minutum
TURPOV,Staphyleaceae,Turpinia,ovalifolia
LINDOX,Lauraceae,Lindera,oxyphylla
CINNPO,Lauraceae,Cinnamomum,porrectum
KNEMPS,Myristicaceae,Knema,pseudo-laurina
BACCS1,Euphorbiaceae,Baccaurea,species 1
PLATS1,Icacinaceae,Platea,species 1
STERS1,Sterculiaceae,Sterculia ,species 1
MANGS2,Anacardiaceae,Mangifera,swintonioides
METATR,Rubiaceae,Metadina,trichotoma
DEPLBA,Bignoniaceae,Deplanchea,bancana
HEDYSP,Chloranthaceae,Chloranthus,erectus
LITSFI,Lauraceae,Litsea,firma
FICULA,Moraceae,Ficus,lamponga
JACKOR,Rubiaceae,Jackiopsis,ornata
MISCPE,Sapindaceae,Mischocarpus,pentapetalus
RADEPI,Bignoniaceae,Radermachera,pinnata
APH1PO,Meliaceae,Aphanamixis,polystachya
GARCPR,Clusiaceae,Garcinia,prainiana
GARCPY,Clusiaceae,Garcinia,pyrifera
IXONRE,Ixonanthaceae,Ixonanthes ,reticulata
GARCS5,Clusiaceae,Garcinia,species 5
MELISU,Opiliaceae,Melientha,suavis
STEMUM,Icacinaceae,Stemonurus,umbellatus
PEN1VE,Anacardiaceae,Pentaspadon,velutinus
